plot,tag,jday,year,spp,dend.num,ref.dend,ref.dbh,prev.dend,dend,dbh,notes,ref.notes
A1,1,117,2022,yb,4,14.51,19.4,22.77,23.21,,,NA
A1,2,117,2022,rm,2,10.43,35.3,16.22,16.82,,,NA
A1,6,117,2022,rm,3,64.49,35.1,82.35,82.77,,,NA
A1,8,117,2022,yb,3,26.95,27.0,36.52,36.60,,,NA
A1,9,117,2022,yb,2,32.69,18.0,46.28,46.18,,,NA
A1,10,117,2022,yb,2,29.84,16.7,42.59,43.52,,,NA
A1,14,117,2022,ro,3,69.21,62.7,115.42,115.36,64.0,,"needs new ASAP, line drawn"
A1,14,117,2022,ro,4,NA,NA,10.88,11.28,64.0,,needs dbh
A1,15,117,2022,rm,1,33.45,23.0,35.67,35.85,,,NA
A1,18,117,2022,rm,2,31.42,29.0,44.16,,,,duplicate B1-154
A1,19,117,2022,ro,4,NA,NA,19.31,21.00,,,dupliacte B1-155
A1,801,117,2022,hem,1,39.93,10.9,62.73,62.92,,,NA
A1,828,117,2022,yb,1,36.84,11.9,50.04,50.10,,,NA
A1,903,117,2022,hem,1,21.59,10.3,47.38,47.50,,,NA
A2,25,117,2022,rm,2,12.13,16.1,13.21,14.31,,,NA
A2,26,117,2022,bo,2,65.64,43.8,93.98,94.46,,,NA
A2,27,117,2022,rm,4,10.20,13.0,20.50,20.73,,,NA
A2,29,117,2022,rm,1,54.72,16.9,58.74,58.56,,,NA
A2,30,117,2022,rm,2,84.48,25.0,100.33,100.29,,,NA
A2,31,117,2022,bo,2,49.52,43.3,79.57,79.66,,,NA
A2,32,117,2022,ro,2,54.14,45.7,86.76,87.28,,,NA
A2,33,117,2022,bo,2,22.95,33.9,30.87,30.84,,,NA
A2,34,117,2022,ro,2,21.78,43.4,41.82,42.35,,,NA
A2,35,117,2022,rm,1,26.92,22.2,29.32,29.13,,,NA
A2,892,117,2022,hem,2,18.12,12.8,35.98,36.18,,,NA
A2,893,117,2022,rm,1,20.29,10.6,29.52,29.97,,,NA
A2,911,117,2022,beech,1,32.69,10.1,53.56,53.57,,,NA
A2,990,117,2022,hem,1,29.17,10.3,56.10,56.24,,,NA
A3,51,117,2022,ro,2,48.06,25.5,76.66,76.77,,,NA
A3,52,117,2022,beech,3,23.63,16.2,55.62,55.81,,,bark disease
A3,53,117,2022,rm,2,18.55,12.0,19.10,18.90,,,NA
A3,54,117,2022,ro,4,20.95,40.3,27.27,27.70,,,NA
A3,55,117,2022,rm,3,43.26,18.5,46.16,47.86,,,NA
A3,56,117,2022,rm,3,28.99,15.9,36.62,37.11,,,NA
A3,57,117,2022,ro,4,27.14,62.2,35.32,34.33,,,NA
A3,58,117,2022,ro,3,60.39,44.1,99.83,102.07,,,NA
A3,60,117,2022,rm,1,88.29,23.2,110.41,110.48,,,NA
A3,61,117,2022,ro,2,66.50,50.5,110.75,110.79,,,NA
A3,70,117,2022,ro,2,15.52,45.3,22.46,22.58,,,NA
A3,263,117,2022,bb,1,15.10,10.6,18.48,18.58,,,NA
A3,709,117,2022,hem,1,5.82,10.0,30.54,30.65,,,NA
A3,891,117,2022,hem,2,24.44,13.5,57.46,57.66,,,NA
A3,984,117,2022,rm,1,15.98,10.5,32.18,32.27,,,NA
B1,152,117,2022,rm,2,54.89,18.8,85.25,85.52,,,NA
B1,153,117,2022,ro,3,64.85,55.0,124.54,124.58,56.5,remove next,NA
B1,153,117,2022,ro,4,NA,NA,9.80,9.83,56.5,,NA
B1,154,117,2022,rm,2,31.42,29.0,44.16,44.10,,,duplicate B1-154
B1,155,117,2022,ro,4,19.07,55.4,19.18,21.00,,,dupliacte B1-155
B1,156,117,2022,rm,5,17.96,39.0,77.06,78.40,,,NA
B1,159,117,2022,rm,2,12.72,30.7,33.52,33.66,,,NA
B1,160,117,2022,rm,1,53.59,36.4,67.70,67.70,,,NA
B1,161,117,2022,rm,2,23.26,19.9,26.50,26.57,,,NA
B1,162,117,2022,rm,2,17.74,34.0,34.99,35.21,,,NA
B1,164,117,2022,wp,2,12.10,20.5,22.46,22.21,,,NA
B1,165,117,2022,ro,2,33.21,45.5,53.36,52.60,,,NA
B1,802,117,2022,rm,1,14.93,10.1,16.92,16.98,,,NA
B1,815,117,2022,hem,1,10.77,11.8,37.31,37.35,,,NA
B1,816,117,2022,hem,1,14.60,10.9,36.68,36.87,,,NA
B1,895,117,2022,yb,1,30.96,11.0,47.94,48.09,,,NA
B1,915,117,2022,hem,1,14.07,10.1,18.10,18.31,,,NA
B2,179,117,2022,ro,3,66.97,68.9,118.45,120.07,,,NA
B2,182,117,2022,yb,2,14.17,32.8,20.96,21.08,,,NA
B2,187,117,2022,rm,2,59.66,32.9,81.50,80.95,,,NA
B2,189,117,2022,cherry,1,31.15,35.9,36.71,36.43,,,NA
B2,192,117,2022,bb,2,13.47,14.4,23.98,24.34,,,NA
B2,193,117,2022,yb,3,26.78,18.1,40.77,41.25,,,NA
B2,194,117,2022,rm,2,15.53,23.8,34.06,34.55,,,NA
B2,894,117,2022,rm,1,17.25,10.7,23.87,23.88,,,NA
B2,923,117,2022,hem,1,11.90,10.2,15.71,16.14,,,NA
B3,201,117,2022,ro,5,15.04,43.8,24.13,23.79,,,NA
B3,203,117,2022,ash,1,28.54,16.0,27.33,27.47,,,"still alive bark peeling, moldy but has leaves"
B3,209,117,2022,ro,2,87.38,23.8,102.29,102.27,,,~7.8mm left
B3,210,117,2022,ro,3,62.05,38.0,113.69,113.87,,,NA
B3,212,117,2022,rm,2,10.09,13.5,11.44,11.71,,,NA
B3,213,117,2022,rm,1,36.04,14.6,39.44,39.61,,,NA
B3,214,117,2022,yb,1,34.83,16.0,36.74,37.10,,,NA
B3,215,117,2022,rm,2,32.49,19.6,38.68,39.10,,,NA
B3,221,117,2022,rm,1,18.44,24.1,19.04,18.32,,,NA
B3,223,117,2022,ro,4,20.67,50.2,63.41,63.63,,,NA
B3,226,117,2022,ro,1,88.61,24.7,99.22,99.21,,,NA
B3,228,117,2022,bo,5,24.46,55.3,55.80,56.13,,,NA
B3,231,117,2022,ro,1,78.06,23.8,91.86,92.51,,,NA
B3,232,117,2022,ro,2,72.39,39.0,109.88,109.63,,,NA
B3,814,117,2022,hem,1,13.92,10.2,40.07,40.03,,,NA
B4,253,117,2022,rm,2,17.18,13.4,27.30,27.24,,,NA
B4,255,117,2022,rm,2,20.49,21.8,33.91,33.95,,,NA
B4,256,117,2022,rm,2,43.07,15.5,45.22,45.00,,,"dying, snapped 1/2 way up"
B4,257,117,2022,rm,1,36.59,13.2,38.13,38.21,,,NA
B4,260,117,2022,rm,1,15.33,11.4,16.99,17.28,,,NA
B4,261,117,2022,rm,1,40.71,16.5,48.13,48.93,,,NA
B4,262,117,2022,ro,3,74.92,28.7,121.58,121.66,,,NA
B4,264,117,2022,rm,3,19.22,12.7,35.09,34.99,,"outer hole, bent by fallen tree, but still alive","bent by fallen tree, but still alive"
B4,271,117,2022,rm,1,49.36,11.7,65.55,65.88,,"too curved, needs new, but will probably die","too curved, needs new, but will probably die"
B4,271,117,2022,rm,2,NA,NA,14.15,14.13,,DBH next if alive,""""""
B4,272,117,2022,rm,2,38.92,25.7,83.30,83.60,,,NA
B4,273,117,2022,rm,2,58.31,15.5,71.52,71.46,,,NA
B4,276,117,2022,rm,1,47.59,12.5,58.01,58.65,,also curved over,NA
B4,277,117,2022,ro,3,33.51,28.0,60.18,60.04,,,NA
B4,278,117,2022,rm,1,26.26,15.3,27.78,27.64,,,NA
B4,279,117,2022,rm,1,21.85,13.2,23.03,22.95,,,NA
B4,280,117,2022,ro,2,37.28,25.5,46.21,46.19,,,NA
B4,706,117,2022,rm,1,12.86,10.0,12.88,13.01,,,NA
B4,726,117,2022,ro,3,18.49,41.9,42.35,42.48,,,NA
B4,805,117,2022,beech,2,NA,NA,15.68,16.18,11.2,,"needs DBH, first measurement"
B4,924,117,2022,beech,1,13.09,10.0,21.48,21.94,,,NA
C1,214,117,2022,bb,3,NA,NA,20.90,21.12,13.8,,needs DBH
C1,217,117,2022,hem,2,90.06,34.7,118.14,119.41,35.9,line drawn,rm next
C1,217,117,2022,hem,3,15.47,35.9,11.88,15.47,35.9,,NA
C1,351,117,2022,hem,6,15.86,27.0,13.18,15.86,27.0,,first measurement
C1,352,117,2022,ro,2,41.51,47.2,68.05,68.02,,,NA
C1,353,117,2022,ro,2,33.75,42.8,60.96,61.08,,,NA
C1,354,117,2022,rm,2,48.76,25.1,54.61,54.89,,,NA
C1,355,117,2022,yb,2,16.41,14.0,34.44,35.17,,,NA
C1,356,117,2022,ro,2,50.68,39.1,79.01,79.14,,,NA
C1,360,117,2022,yb,2,37.31,18.7,43.22,43.10,,,NA
C1,361,117,2022,ro,4,16.06,64.6,33.69,33.80,,,NA
C1,362,117,2022,ro,1,81.01,42.3,93.38,92.50,,,NA
C1,363,117,2022,ro,2,39.46,37.1,72.93,72.68,,,NA
C1,366,117,2022,ro,1,84.48,36.5,105.43,105.29,,,NA
C1,367,117,2022,ro,2,48.93,49.6,94.83,95.17,,,NA
C2,291,117,2022,rm,1,52.92,18.8,53.26,53.21,,,NA
C2,378,117,2022,ro,3,50.93,58.7,74.86,74.48,,,NA
C2,379,117,2022,rm,2,15.43,11.4,17.79,18.49,,,NA
C2,380,117,2022,rm,1,50.27,21.6,56.65,57.39,,,NA
C2,382,117,2022,rm,1,38.72,20.6,47.78,48.16,,,NA
C2,385,117,2022,rm,1,32.60,15.9,37.06,36.90,,,NA
C2,386,117,2022,ro,3,42.63,42.0,71.65,71.37,,,NA
C2,388,117,2022,beech,3,48.32,17.1,67.80,67.87,,bark disease,bark disease
C2,390,117,2022,ro,3,16.93,54.8,18.11,18.60,,,NA
C2,391,117,2022,ro,2,59.88,49.0,89.73,89.66,,,NA
C2,392,117,2022,ro,3,34.60,60.4,52.71,52.37,,,NA
C2,829,117,2022,yb,2,14.53,12.3,14.94,14.98,,,NA
C2,830,117,2022,hem,2,24.26,13.7,71.32,71.29,,,~12mm left
C2,979,117,2022,rm,1,8.25,9.9,11.82,12.27,,,NA
C3,207,117,2022,hem,3,25.32,15.7,31.06,31.78,,,NA
C3,264,117,2022,hem,3,15.27,15.5,21.52,22.00,,,NA
C3,402,117,2022,rm,2,23.05,32.8,53.26,54.06,,,NA
C3,403,117,2022,rm,1,69.29,27.9,81.39,81.63,,,NA
C3,405,117,2022,yb,2,32.05,21.0,52.11,52.22,,,NA
C3,406,117,2022,ash,2,20.77,18.9,37.01,39.45,,,NA
C3,411,117,2022,rm,2,30.02,28.1,60.81,61.49,,,NA
C3,412,117,2022,rm,3,12.63,21.9,21.34,22.58,,,NA
C3,413,117,2022,rm,1,76.86,24.3,91.87,91.72,,,NA
C3,414,117,2022,yb,2,32.96,15.6,46.01,46.14,,,NA
C3,415,117,2022,rm,2,37.95,28.2,64.47,66.99,,,NA
C3,416,117,2022,rm,3,38.77,32.9,68.13,67.61,,,NA
C3,417,117,2022,rm,1,19.87,17.9,23.96,24.62,,,NA
C3,418,117,2022,ash,2,38.17,29.8,59.44,58.23,,,NA
C3,419,117,2022,yb,1,43.75,14.9,51.04,50.98,,,NA
C3,421,117,2022,ash,3,38.42,42.8,66.34,65.36,,,NA
C3,423,117,2022,rm,1,34.82,24.7,39.53,39.98,,,NA
C3,425,117,2022,ash,3,19.42,20.9,21.48,21.21,,,NA
C3,426,117,2022,ash,1,29.05,20.5,35.95,33.73,,,NA
C3,729,117,2022,yb,2,62.83,21.0,93.80,94.07,,,NA
C4,456,117,2022,rm,1,45.52,18.4,49.52,49.82,,,NA
C4,459,117,2022,ro,2,54.86,41.8,86.99,86.89,,,NA
C4,462,117,2022,bo,4,58.63,44.2,110.16,109.76,,,NA
C4,465,117,2022,rm,1,65.00,17.3,81.02,81.70,,,NA
C4,466,117,2022,ro,1,72.57,27.5,83.84,83.80,,,NA
C4,469,117,2022,ro,2,36.21,41.0,61.27,61.51,,,NA
C4,474,117,2022,ro,4,12.12,50.6,20.83,21.02,,,NA
C4,484,117,2022,beech,2,31.57,13.3,60.84,61.03,,,NA
C4,485,117,2022,beech,2,45.05,30.4,69.85,70.24,,,NA
C4,487,117,2022,rm,1,53.69,23.8,60.58,60.34,,,NA
C4,491,117,2022,rm,2,28.88,30.5,40.96,41.11,,,NA
C4,494,117,2022,rm,2,64.56,28.7,81.56,81.74,,,NA
C4,498,117,2022,rm,1,26.46,20.1,27.31,27.34,,,NA
C4,570,117,2022,beech,2,11.60,11.5,27.02,27.35,,,NA
C5,260,117,2022,beech,4,15.43,14.5,18.58,18.99,,,NA
C5,290,117,2022,beech,3,80.48,15.6,66.02,66.19,,,NA
C5,501,117,2022,bo,3,52.94,37.8,106.21,106.57,,,needs new next time
C5,503,117,2022,gb,2,17.89,18.4,19.56,19.30,,,NA
C5,504,117,2022,ro,2,36.50,17.3,46.33,46.79,,,NA
C5,505,117,2022,rm,2,78.35,23.2,101.31,101.13,,,NA
C5,509,117,2022,rm,2,17.09,16.8,29.36,29.58,,,NA
C5,512,117,2022,rm,2,61.47,15.7,66.48,66.45,,,NA
C5,513,117,2022,ro,3,54.25,30.0,79.94,79.76,,,NA
C5,514,117,2022,rm,3,9.58,15.9,21.19,21.38,,,NA
C5,515,117,2022,ro,2,62.90,25.7,101.39,101.32,,,NA
C5,518,117,2022,yb,2,30.31,12.6,42.08,42.11,,,heart rot
C5,519,117,2022,ro,3,60.97,38.4,95.29,96.25,,,"spring added, 95.35"
C5,724,117,2022,beech,4,12.62,16.9,23.67,24.14,,,NA
C5,733,117,2022,rm,2,54.33,14.0,73.46,73.23,14.7,,rm next if matches
C5,733,117,2022,rm,3,NA,NA,16.83,15.43,14.7,,DBH next
C5,831,117,2022,beech,3,22.24,13.7,29.81,30.06,,,NA
C5,888,117,2022,rm,1,7.48,13.7,7.67,7.76,,,NA
C5,800,117,2022,beech,1,12.72,10.0,12.72,13.14,,,new recruit
D1,266,117,2022,wp,4,37.86,47.1,60.85,58.66,,,NA
D1,524,117,2022,rm,1,10.47,10.3,15.83,16.56,,,NA
D1,526,117,2022,rm,1,61.89,20.5,81.70,81.51,,,NA
D1,527,117,2022,rm,2,57.87,13.9,65.81,69.75,,,NA
D1,529,117,2022,rm,2,15.82,25.5,36.71,36.53,,,NA
D1,530,117,2022,bo,2,27.20,29.9,46.88,47.64,,,NA
D1,531,117,2022,bo,2,57.28,35.3,86.02,85.88,,,NA
D1,532,117,2022,ro,4,62.19,43.2,112.33,112.27,,,NA
D1,537,117,2022,rm,2,31.34,14.7,55.10,55.37,,,NA
D1,538,117,2022,ro,3,32.68,54.2,62.02,64.88,,,NA
D1,540,117,2022,rm,2,32.92,12.6,37.10,37.30,,,NA
D1,541,117,2022,rm,1,35.92,12.5,45.73,45.71,,top snapped off,NA
D1,544,117,2022,ro,2,61.88,35.2,96.54,96.89,,,NA
D1,545,117,2022,rm,2,55.33,15.4,70.19,70.02,15.9,new = 14.81,NA
D1,545,117,2022,rm,3,NA,NA,NA,14.81,,,
D1,546,117,2022,ro,3,19.92,52.8,47.87,47.66,,,NA
D1,549,117,2022,rm,1,57.18,13.0,67.05,67.14,,,NA
D1,551,117,2022,wp,1,71.52,22.2,76.10,75.54,,,NA
D1,552,117,2022,rm,1,50.12,12.9,58.87,59.11,,,NA
D1,832,117,2022,hem,4,NA,NA,22.99,23.34,16.2,,NA
D2,288,117,2022,hem,5,16.98,24.0,48.16,48.47,,,NA
D2,576,117,2022,rm,1,63.23,18.9,67.15,67.25,,,NA
D2,579,117,2022,yb,1,52.41,12.1,61.25,61.66,,,NA
D2,580,117,2022,rm,2,15.30,30.2,29.06,29.09,,,NA
D2,582,117,2022,rm,1,40.21,16.8,43.42,43.28,,,NA
D2,583,117,2022,rm,1,59.74,21.9,69.00,68.64,,,NA
D2,587,117,2022,ro,6,37.33,50.5,67.44,66.70,,,NA
D2,588,117,2022,ro,4,63.32,43.6,101.35,100.79,,,116mm total
D2,590,117,2022,rm,1,28.66,27.6,28.95,28.74,,,NA
D2,592,117,2022,rm,1,38.27,15.1,41.58,41.70,,,NA
D2,594,117,2022,cherry,1,65.30,29.1,72.00,71.42,,,NA
D3,265,117,2022,beech,5,24.36,16.3,36.31,36.69,,,NA
D3,584,117,2022,beech,1,13.57,10.2,26.06,26.42,,,NA
D3,604,117,2022,rm,2,13.93,28.2,37.47,37.45,,,NA
D3,605,117,2022,rm,2,7.44,34.4,20.06,21.21,,,NA
D3,606,117,2022,rm,4,25.81,59.1,40.60,42.18,,,NA
D3,608,117,2022,rm,2,31.73,35.2,50.94,51.05,,new installed May 11,maybe needs new? Flaky bark under band
D3,609,117,2022,rm,2,32.44,33.9,63.55,63.15,,,NA
D3,611,117,2022,rm,2,61.10,21.9,79.43,79.22,,,NA
D3,612,117,2022,rm,1,49.29,22.3,50.33,51.32,,,NA
D3,613,117,2022,ro,6,13.69,75.9,76.64,76.98,,,NA
D3,615,117,2022,ro,3,53.96,24.1,83.78,83.90,,,NA
D3,618,117,2022,rm,2,26.04,29.9,40.18,39.99,,,NA
D3,619,117,2022,rm,1,57.75,14.5,66.57,66.57,,,NA
D4,262,117,2022,rm,4,30.13,16.0,57.03,57.10,,,NA
D4,626,117,2022,rm,2,16.01,27.14,35.16,36.71,,,NA
D4,627,117,2022,cherry,1,71.55,38.4,88.20,87.78,,tag missing make replacement,NA
D4,628,117,2022,cherry,1,43.92,26.7,49.49,49.57,,,NA
D4,631,117,2022,ash,3,16.85,41.70,21.79,22.08,,,NA
D4,633,117,2022,rm,7,33.48,27.3,77.65,77.82,,,NA
D4,637,117,2022,ash,2,15.42,42.4,21.94,19.63,,,NA
D4,638,117,2022,ash,3,17.97,41.3,26.01,26.26,,,NA
D4,639,117,2022,bo,5,25.38,34.7,56.02,56.06,,,NA
D4,640,117,2022,rm,3,38.88,30.7,89.43,89.33,,,NA
D4,643,117,2022,cherry,2,15.91,45.1,31.59,31.39,,"heart rot, fungus","heart rot, fungus"
D4,708,117,2022,rm,1,7.68,10.0,32.65,32.79,,,NA
D4,732,117,2022,rm,3,36.09,16.2,55.39,55.46,,,NA
D4,803,117,2022,rm,1,9.15,10.2,9.98,10.14,,,NA
D4,804,117,2022,rm,1,32.17,10.8,58.48,58.55,,,NA
D4,834,117,2022,beech,4,15.83,16.7,29.04,29.64,,,NA
D5,208,117,2022,beech,3,14.24,14.4,49.33,49.46,,bark disease,NA
D5,261,117,2022,hem,2,28.08,13.5,33.65,33.74,,canopy decline,canopy decline
D5,652,117,2022,rm,1,87.34,32.8,91.97,92.24,,,NA
D5,654,117,2022,ro,2,21.44,17.3,43.10,43.37,,,NA
D5,658,117,2022,rm,2,30.80,30.4,54.54,54.72,,,NA
D5,664,117,2022,bo,1,39.81,13.5,45.34,45.46,,change prev to 45.34,NA
D5,665,117,2022,rm,1,30.11,18.8,32.08,32.38,,,NA
D5,667,117,2022,rm,2,26.97,18.2,40.53,40.44,,,NA
D5,669,117,2022,rm,1,53.65,12.1,61.90,62.18,,,NA
D5,670,117,2022,wb,1,77.49,35.9,91.24,91.31,,,NA
D5,671,117,2022,rm,1,45.60,23.3,50.68,50.70,,,NA
D5,707,117,2022,hem,1,16.32,10.4,58.89,59.11,,,NA
D5,835,117,2022,hem,3,20.13,14.0,74.55,74.66,,,needs new
D5,890,117,2022,hem,2,14.41,12.9,18.39,19.07,,,NA
E1,209,117,2022,hem,2,34.87,13.1,69.27,69.19,14.2,,NA
E1,209,117,2022,hem,3,NA,NA,12.67,13.32,14.2,,first measurement
E1,676,117,2022,ro,2,9.91,50.7,28.02,27.97,,,NA
E1,677,117,2022,hem,3,53.24,30.8,74.98,74.53,,,NA
E1,678,117,2022,hem,2,8.91,17.8,26.91,27.59,,,NA
E1,679,117,2022,rm,2,43.09,47.3,67.13,66.98,,,NA
E1,680,117,2022,yb,1,37.94,17.6,39.69,40.59,,,NA
E1,683,117,2022,rm,2,74.48,39.3,96.29,96.75,,,NA
E1,684,117,2022,yb,2,24.65,32.2,42.88,42.84,,,leaves withered maybe dying
E1,727,117,2022,yb,2,16.83,13.1,25.05,25.45,,,NA
E1,806,117,2022,hem,1,28.13,11.0,61.47,61.77,,,NA
E1,836,117,2022,hem,2,27.77,13.0,59.83,59.58,,,NA
E1,900,117,2022,hem,1,30.89,11.0,51.01,51.20,,,NA
E1,989,117,2022,hem,1,9.56,10.7,43.92,44.15,,,NA
E2,701,117,2022,rm,1,43.21,17.8,58.95,58.94,,,NA
E2,703,117,2022,ro,2,117.00,42.9,131.94,132.25,43.3,,NA
E2,703,117,2022,ro,3,NA,NA,23.38,23.26,43.3,,NA
E2,705,117,2022,ro,3,13.33,37.4,66.39,66.75,,,NA
E2,710,117,2022,ro,4,22.66,42.9,33.48,33.28,,,NA
E2,712,117,2022,rm,1,39.77,18.1,46.68,48.21,,,prev wrong?
E2,713,117,2022,rm,1,59.75,28.5,70.55,71.34,,,NA
E2,719,117,2022,rm,1,63.85,21.3,79.56,82.89,,,NA
E2,720,117,2022,rm,2,21.87,14.7,52.34,52.59,,,NA
E3,205,117,2022,rm,2,26.11,11.2,33.00,33.42,,,NA
E3,228,117,2022,hem,3,17.47,17.0,46.83,46.98,,,NA
E3,521,117,2022,hem,1,15.84,11.2,40.11,40.63,,,NA
E3,723,117,2022,hem,2,24.44,14.1,37.43,37.43,,,NA
E3,738,117,2022,rm,2,14.98,12.0,19.37,20.01,,,NA
E3,752,117,2022,ro,3,87.36,59.1,135.89,136.90,,,NA
E3,753,117,2022,ro,3,63.75,49.5,107.22,107.13,,,NA
E3,756,117,2022,rm,1,87.65,27.0,103.06,103.71,,,NA
E3,760,117,2022,ro,2,58.28,28.1,93.37,93.36,,,NA
E3,761,117,2022,ro,2,66.72,37.3,102.81,102.86,,,NA
E3,763,117,2022,ro,2,82.22,42.5,118.69,119.11,,,~30mm left
E3,764,117,2022,ro,3,40.28,37.5,70.09,70.08,,,NA
E3,765,117,2022,ro,2,49.75,31.2,83.66,83.81,,,NA
E3,766,117,2022,ro,2,75.68,42.8,120.52,120.32,,,~20mm left
E3,767,117,2022,rm,1,32.51,16.0,34.09,34.54,,,NA
E3,768,117,2022,rm,2,20.07,17.1,25.56,25.96,,,NA
E3,769,117,2022,ro,3,48.24,45.8,112.56,112.79,,,~11mm left
E3,772,117,2022,ro,2,32.22,23.3,38.36,38.41,,,NA
E3,773,117,2022,ro,2,17.73,29.3,28.46,23.89,,,NA
E3,774,117,2022,rm,1,22.47,12.4,23.29,23.18,,,NA
E3,775,117,2022,ro,2,63.96,37.1,105.48,105.52,,,NA
E3,777,117,2022,rm,2,13.09,18.5,29.51,29.83,,,NA
E3,811,117,2022,hem,2,15.51,12.6,21.69,22.03,,,NA
E3,812,117,2022,hem,1,38.78,11.0,63.59,63.52,,,NA
E3,813,117,2022,hem,2,13.30,12.5,18.19,18.45,,,NA
E3,896,117,2022,hem,1,22.59,10.8,39.76,39.62,,,NA
E3,993,117,2022,hem,1,17.54,10.3,50.13,50.46,,,NA
E4,802,117,2022,ro,3,63.08,37.7,83.13,83.05,,,NA
E4,803,117,2022,ro,2,107.97,25.5,123.96,NA,,"hit by fallen branch, dendrometer broken",line drawn
E4,803,117,2022,ro,3,NA,NA,15.08,14.78,,needs DBH calipers,NA
E4,805,117,2022,wp,3,48.68,48.4,80.82,56.19,,,NA
E4,810,117,2022,rm,2,23.01,26.0,55.32,56.19,,,NA
E4,815,117,2022,ro,3,50.75,32.2,84.56,84.39,,,NA
E4,817,117,2022,rm,2,22.23,12.6,25.29,25.49,,,NA
E4,821,117,2022,rm,2,74.85,30.2,115.57,115.94,,,NA
E4,822,117,2022,rm,1,22.68,12.4,28.91,29.52,,"Hit by fallen tree, bending over",NA
E4,827,117,2022,rm,1,28.50,13.0,37.39,37.53,,,NA
E4,830,117,2022,ro,3,72.66,35.6,112.63,112.06,,,NA
E4,834,117,2022,rm,1,76.96,26.5,91.66,91.82,,,NA
E4,835,117,2022,rm,1,28.48,16.2,31.93,32.05,,,NA
E4,843,117,2022,rm,3,17.66,22.4,26.26,26.04,,,NA
E4,844,117,2022,rm,1,45.42,17.4,48.59,48.72,,,NA
E4,853,117,2022,ro,4,17.45,43.0,24.81,24.81,,,NA
E4,854,117,2022,hem,3,18.59,20.3,23.80,24.29,,,NA
E5,734,117,2022,hem,2,14.82,14.9,21.23,21.45,,,NA
E5,876,117,2022,hem,2,84.10,32.1,87.74,87.53,,,NA
E5,877,117,2022,rm,3,38.28,23.5,55.63,55.29,,,NA
E5,878,117,2022,hem,2,59.76,23.4,72.14,73.97,,,NA
E5,879,117,2022,wp,1,66.83,28.9,76.35,74.75,,,NA
E5,880,117,2022,ro,3,42.14,38.5,69.10,69.37,,,NA
E5,884,117,2022,wp,1,65.15,36.4,68.85,68.11,,,NA
E5,885,117,2022,rm,2,20.37,23.7,31.65,31.94,,,NA
E5,889,117,2022,hem,3,26.74,29.2,48.90,48.52,,,NA
E5,890,117,2022,ro,2,35.36,21.4,83.12,83.24,,,NA
E5,891,117,2022,rm,1,65.69,21.7,77.27,77.58,,,NA
E5,892,117,2022,rm,1,31.29,20.3,35.30,35.39,,,NA
E5,893,117,2022,hem,2,20.44,26.2,25.12,24.75,,,NA
E5,895,117,2022,rm,1,89.90,23.3,110.25,111.02,,,NA
E5,899,117,2022,wp,3,68.26,56.2,112.38,110.41,,,NA
E5,900,117,2022,rm,1,45.84,18.2,55.37,55.57,,,NA
E5,901,117,2022,wp,2,14.39,34.3,20.44,18.66,,,NA
E5,902,117,2022,hem,2,30.86,13.7,31.91,31.56,,,dead?
E5,903,117,2022,ro,3,62.56,33.6,110.12,110.54,,,NA
E5,904,117,2022,rm,1,38.45,17.0,42.98,43.42,,,NA
E5,905,117,2022,hem,3,25.68,23.5,34.92,34.85,,,NA
E5,908,117,2022,rm,2,82.31,30.0,125.36,125.08,,,NA
E5,909,117,2022,rm,2,37.08,21.8,56.63,56.75,,,NA
E5,910,117,2022,rm,2,14.09,23.2,36.07,36.39,,,NA
E5,911,117,2022,hem,2,27.15,46.2,46.36,46.78,,,NA
E5,992,117,2022,chestnut,1,9.33,10.2,30.87,31.14,,,NA
F1,202,117,2022,hem,3,24.80,16.2,60.98,61.38,,,NA
F1,210,117,2022,hem,2,41.75,12.3,59.10,59.07,,,NA
F1,235,117,2022,hem,2,15.45,12.9,36.95,37.39,,,outer = 54.92
F1,236,117,2022,hem,4,27.18,16.80,39.14,40.50,,,NA
F1,297,117,2022,hem,4,24.37,15.3,52.65,53.07,,,NA
F1,579,117,2022,hem,1,10.19,10.1,14.66,14.58,,,"dead, no needles (double check if dead)"
F1,808,117,2022,hem,1,26.01,10.8,60.20,60.32,,,NA
F1,837,117,2022,hem,2,22.41,14.4,32.15,32.21,,,NA
F1,916,117,2022,rm,1,12.34,10.2,30.07,30.22,,,NA
F1,930,117,2022,hem,3,74.33,61.9,126.59,128.19,63.4,+1.6,"+1.3, line drawn"
F1,930,117,2022,hem,4,NA,NA,24.15,25.60,63.4,,"needs DBH, first measurement"
F1,933,117,2022,rm,3,12.57,21.4,43.33,43.32,,,NA
F1,934,117,2022,rm,1,26.48,16.0,50.89,51.63,,,NA
F1,936,117,2022,rm,2,16.26,14.0,41.55,41.45,,,NA
F1,937,117,2022,rm,5,51.91,34.0,92.94,93.34,,,NA
F1,938,117,2022,rm,4,66.52,31.3,107.06,106.93,,,NA
F1,941,117,2022,rm,1,94.21,27.5,109.46,110.58,,,NA
F1,947,117,2022,rm,1,55.10,18.4,80.10,80.67,,,NA
F1,948,117,2022,rm,2,37.89,23.2,62.52,62.98,,,NA
F1,949,117,2022,bo,3,34.59,39.3,91.30,91.66,,,NA
F1,950,117,2022,rm,2,23.94,11.2,49.83,49.91,,,NA
F2,825,117,2022,hem,1,15.85,10.0,26.59,26.90,,,NA
F2,838,117,2022,bb,1,25.45,10.7,44.79,44.62,,,NA
F2,922,117,2022,hem,1,21.04,9.9,20.93,21.23,,,NA
F2,977,117,2022,rm,2,36.93,19.9,61.58,61.47,,,NA
F2,978,117,2022,yb,1,29.41,11.4,38.19,38.15,,,NA
F2,980,117,2022,hem,1,77.82,33.4,86.30,85.66,,,NA
F2,983,117,2022,yb,1,46.83,20.4,50.48,50.78,,,NA
F2,984,117,2022,rm,2,46.02,43.2,76.78,76.86,,,NA
F2,985,117,2022,yb,3,28.39,17.6,49.59,49.87,,,NA
F2,986,117,2022,rm,1,35.33,21.0,38.38,38.18,,,NA
F2,987,117,2022,rm,1,32.50,24.2,35.88,36.05,,,NA
F2,988,117,2022,bb,2,32.37,20.0,61.26,61.50,,,NA
F2,990,117,2022,bb,2,18.22,20.6,34.54,34.76,,,NA
F2,991,117,2022,ro,3,73.80,48.7,100.65,110.97,,,NA
F2,992,117,2022,ro,4,35.17,64.6,56.51,55.83,,,NA
F2,993,117,2022,bb,2,26.50,16.1,47.20,47.35,,,NA
F2,994,117,2022,yb,1,40.72,12.4,49.86,49.50,,,NA
F2,995,117,2022,ro,4,49.01,36.9,64.25,64.37,,,NA
F3,1,117,2022,rm,3,18.00,17.7,21.91,22.43,,,NA
F3,2,117,2022,hem,3,55.59,23.3,92.42,92.48,,,NA
F3,3,117,2022,wp,2,17.04,34.5,23.19,21.84,,,NA
F3,4,117,2022,hem,2,26.09,16.4,41.48,41.52,,,NA
F3,5,117,2022,yb,2,37.70,19.6,56.63,56.55,,,NA
F3,6,117,2022,rm,2,50.37,20.7,57.81,58.28,,,NA
F3,7,117,2022,hem,4,19.81,25.7,46.40,46.26,,,NA
F3,8,117,2022,ro,5,23.53,68.00,65.68,63.31,,,NA
F3,9,117,2022,rm,2,45.23,29.1,64.77,65.00,,,NA
F3,11,117,2022,wp,3,37.98,25.1,62.38,62.02,,,NA
F3,12,117,2022,hem,6,22.09,33.2,28.46,28.20,,,NA
F3,535,117,2022,hem,2,49.85,16.0,83.88,84.03,,,NA
F3,737,117,2022,hem,3,NA,NA,7.25,7.98,16.2,,NA
F3,823,117,2022,yb,1,7.85,10.0,11.85,11.94,,,NA
F3,824,117,2022,bb,1,14.57,10.0,28.73,28.65,,,NA
F3,839,117,2022,bb,2,34.18,12.8,68.20,68.27,,,NA
F3,914,117,2022,hem,1,NA,10.4,30.49,30.90,,,NA
F4,29,117,2022,ro,2,38.27,38.7,52.09,51.98,,,NA
F4,35,117,2022,ro,4,48.69,35.1,80.55,80.67,,,NA
F4,36,117,2022,ro,3,133.00,41.3,147.25,146.27,,,DBH calipers next time
F4,36,117,2022,ro,4,16.61,41.3,31.78,31.79,,,NA
F4,42,117,2022,rm,2,10.54,24.6,24.19,24.24,,,NA
F4,46,117,2022,rm,1,33.50,14.8,42.23,42.40,,,NA
F4,49,117,2022,ro,3,69.47,37.6,118.72,118.82,,,NA
F4,49,117,2022,ro,4,NA,NA,12.57,12.27,,DBH next time,Needs DBH
F4,50,117,2022,ro,2,71.41,30.6,112.28,112.50,,,NA
F4,51,117,2022,ro,2,61.44,29.5,103.47,103.28,,,NA
F4,55,117,2022,bb,2,54.94,25.5,84.13,84.50,,,NA
F4,62,117,2022,wp,2,27.96,27.5,28.42,27.31,,,NA
F4,64,117,2022,wp,1,82.84,31.0,92.06,91.01,,,needles turning brown
F4,68,117,2022,rm,2,41.65,16.7,43.56,43.56,,,NA
F4,71,117,2022,rm,1,53.35,20.4,65.00,65.33,,,NA
F4,73,117,2022,wp,4,70.22,74.3,111.60,108.76,,,~12mm left
F4,735,117,2022,ash,2,49.03,26.2,91.26,91.18,,,NA
F5,76,117,2022,wp,3,59.29,47.1,123.08,122.26,,,needs new
F5,76,117,2022,wp,4,NA,NA,18.81,18.70,,,first measurement
F5,81,117,2022,ro,3,15.16,31.1,39.69,40.08,,,NA
F5,84,117,2022,ro,2,21.76,24.5,29.38,29.39,,,NA
F5,86,117,2022,hem,3,24.36,27.3,54.03,53.99,,,NA
F5,87,117,2022,ro,1,83.27,21.1,102.18,102.67,,,NA
F5,94,117,2022,rm,2,47.33,18.8,54.55,55.54,,,NA
F5,97,117,2022,cherry,2,14.26,27.3,14.58,14.95,,,NA
F5,98,117,2022,hem,4,27.43,27.7,53.54,53.61,,,NA
F5,99,117,2022,hem,3,63.67,31.5,86.16,85.77,,,NA
F5,104,117,2022,rm,1,60.02,20.8,63.04,62.82,,,NA
F5,109,117,2022,ro,3,20.95,41.8,33.66,33.00,,,"hit by fallen branch, re-adjusted"
F5,110,117,2022,ro,3,13.82,32.0,65.65,65.74,,,NA
F5,114,117,2022,ro,2,44.78,24.8,56.60,57.01,,,NA
F5,117,117,2022,wp,5,60.07,52.0,120.17,119.56,,,wp needles turning brown
F5,126,117,2022,rm,1,31.46,17.6,35.09,35.35,,,NA
F5,127,117,2022,rm,1,42.72,12.7,50.73,51.16,,,NA
F5,133,117,2022,ro,2,71.75,36.4,111.74,111.63,,,NA
G1,153,117,2022,rm,3,15.85,17.8,75.02,74.90,,,NA
G1,165,117,2022,rm,2,11.55,16.1,52.85,53.22,,,NA
G1,175,117,2022,ro,4,35.37,34.7,54.41,61.20,,,NA
G1,176,117,2022,rm,4,12.96,23.2,58.87,58.63,,,NA
G1,211,117,2022,beech,3,20.09,14.1,43.84,44.62,,"fungus, maybe dead",NA
G1,571,117,2022,hem,1,9.49,11.7,34.66,34.72,,,NA
G1,703,117,2022,hem,1,12.59,10.0,24.33,24.58,,,NA
G1,704,117,2022,rm,1,11.05,10.2,47.30,47.68,,,NA
G1,705,117,2022,bb,1,12.08,10.5,75.70,74.99,,needs new soon,NA
G1,728,117,2022,rm,2,13.10,12.3,24.06,24.46,,,NA
G1,809,117,2022,hem,2,15.12,12.9,18.23,18.44,,,NA
G1,898,117,2022,hem,1,29.50,11.5,52.37,52.49,,,NA
G1,910,117,2022,hem,1,10.42,11.2,46.51,46.63,,,NA
G1,913,117,2022,rm,1,20.65,11.8,50.18,50.45,,,NA
G1,917,117,2022,beech,1,11.09,10.3,20.10,20.39,,,NA
G1,918,117,2022,hem,1,14.72,10.0,16.52,17.21,,,NA
G1,919,117,2022,hem,1,10.38,10.0,16.45,16.81,,,NA
G1,920,117,2022,rm,1,21.07,10.0,21.49,21.54,,,NA
G1,921,117,2022,hem,1,14.08,10.3,22.28,22.57,,,NA
G1,991,117,2022,rm,1,8.00,10.5,71.57,71.75,,,NA
G2,202,117,2022,hem,2,25.06,42.6,37.33,37.10,,,NA
G2,204,117,2022,hem,2,40.82,45.0,60.32,59.88,,,NA
G2,205,117,2022,yb,1,23.53,12.9,25.90,25.62,,,NA
G2,206,117,2022,cherry,2,30.87,52.1,51.73,51.88,,,NA
G2,207,117,2022,hem,2,59.71,38.0,86.03,85.56,,,NA
G2,209,117,2022,hem,2,27.19,32.8,41.22,41.23,,,NA
G2,210,117,2022,hem,3,44.58,50.5,82.87,82.08,,,NA
G2,211,117,2022,ro,3,51.38,32.5,78.64,78.32,,,NA
G2,213,117,2022,hem,1,66.09,38.3,68.57,68.29,,,NA
G2,214,117,2022,hem,2,68.74,41.3,88.01,87.70,,,NA
G2,215,117,2022,hem,1,29.55,15.7,31.82,31.47,,,NA
G2,216,117,2022,hem,1,58.20,20.0,63.02,62.80,,,NA
G2,217,117,2022,hem,3,56.11,44.3,70.03,69.51,,,NA
G2,219,117,2022,hem,1,82.21,28.5,100.91,101.82,,,NA
G2,222,117,2022,hem,1,22.24,15.1,26.63,26.09,,,NA
G2,224,117,2022,hem,2,55.87,47.3,79.38,78.98,,,NA
G2,225,117,2022,hem,1,73.24,32.9,82.34,82.06,,,NA
G2,226,117,2022,hem,1,93.90,26.0,107.86,107.88,,,NA
G2,823,117,2022,hem,1,12.14,10.0,12.23,12.23,,,NA
G4,251,117,2022,rm,1,20.64,15.3,21.58,22.04,,,NA
G4,256,117,2022,bb,2,47.88,21.3,79.41,79.59,,,NA
G4,257,117,2022,ro,2,29.12,37.0,48.89,48.95,,,NA
G4,258,117,2022,bb,1,31.59,20.5,34.17,34.09,,,NA
G4,261,117,2022,rm,1,78.40,24.6,94.53,96.33,,,NA
G4,263,117,2022,rm,2,17.57,23.6,26.23,26.29,,,NA
G4,264,117,2022,rm,3,36.03,18.3,43.67,44.89,,lying on side,NA
G5,90,117,2022,bb,2,15.46,14.1,37.12,37.26,,,NA
G5,231,117,2022,yb,1,22.02,11.2,26.73,27.10,,,NA
G5,265,117,2022,hem,3,24.49,19.3,52.01,53.21,,,NA
G5,266,117,2022,rm,2,16.54,17.1,37.72,39.35,,,NA
G5,267,117,2022,hem,4,33.70,17.4,56.41,56.38,,,NA
G5,268,117,2022,ro,2,74.21,40.0,92.74,92.62,,,NA
G5,269,117,2022,hem,3,66.64,28.6,101.84,102.40,,,NA
G5,271,117,2022,bb,2,39.09,30.3,82.85,83.12,,,NA
G5,272,117,2022,hem,2,18.37,16.4,26.69,26.60,,,NA
G5,273,117,2022,hem,4,20.19,25.0,35.44,35.39,,,NA
G5,275,117,2022,rm,1,53.37,17.5,61.48,61.92,,,NA
G5,276,117,2022,hem,3,75.63,25.0,103.98,103.44,,,~11mm left
G5,277,117,2022,rm,1,17.51,23.2,19.99,20.53,,,NA
G5,279,117,2022,ro,2,64.13,42.1,104.30,104.79,,,"needs new, line drawn"
G5,282,117,2022,rm,1,55.39,21.5,59.92,60.47,,,NA
G5,283,117,2022,rm,1,29.43,13.4,37.31,38.99,,,NA
G5,285,117,2022,wp,2,23.21,28.1,30.58,30.79,,,NA
G5,286,117,2022,hem,3,20.24,30.5,41.74,41.86,,,NA
G5,287,117,2022,rm,1,33.77,15.6,38.19,38.45,,,NA
G5,289,117,2022,hem,3,16.50,22.3,20.39,20.47,,,NA
G5,290,117,2022,hem,3,43.02,15.7,59.69,59.76,,,NA
G5,291,117,2022,ro,2,21.05,48.3,35.05,34.99,,,NA
G5,293,117,2022,hem,2,33.69,23.3,58.23,58.15,,,NA
G5,294,117,2022,rm,1,79.05,26.5,96.72,97.42,,,NA
G5,295,117,2022,ro,2,28.58,44.3,58.46,58.52,,,NA
G5,589,117,2022,hem,2,8.28,13.0,9.73,11.56,,,NA
G5,597,117,2022,bb,2,33.81,13.0,47.31,47.25,,,NA
G5,739,117,2022,hem,2,28.90,14.3,38.18,38.01,,,NA
G5,740,117,2022,rm,2,29.33,10.7,35.50,35.88,,,NA
G5,741,117,2022,rm,3,31.76,11.2,35.80,35.87,,,NA
G5,742,117,2022,hem,3,32.97,15.8,51.74,51.74,,,NA
G5,751,117,2022,hem,1,33.59,11.5,36.04,36.16,,,NA
G5,752,117,2022,rm,1,34.56,10.7,35.56,35.70,,,NA
G5,840,117,2022,hem,1,43.22,11.0,60.95,60.85,,,NA
H1,117,117,2022,hem,2,36.17,14.2,59.68,59.77,,,NA
H1,302,117,2022,ro,2,37.02,40.8,61.18,61.23,,,NA
H1,304,117,2022,beech,3,28.45,28.6,67.27,67.51,,,NA
H1,305,117,2022,ro,3,50.13,54.2,86.75,87.99,,,NA
H1,306,117,2022,rm,1,51.40,31.3,58.22,58.52,,,NA
H1,308,117,2022,rm,1,28.19,14.2,37.31,38.48,,,NA
H1,309,117,2022,ro,2,67.00,38.9,110.81,111.58,,,NA
H1,310,117,2022,wp,1,41.22,21.4,44.80,43.83,,,NA
H1,311,117,2022,rm,1,75.00,19.0,91.33,91.52,,,NA
H1,313,117,2022,wp,3,49.43,48.8,78.00,76.56,,,NA
H1,314,117,2022,hem,2,60.65,51.2,80.70,81.08,,,NA
H1,317,117,2022,rm,2,53.13,27.1,91.76,91.65,,,NA
H1,318,117,2022,rm,3,57.72,25.5,94.90,94.93,,,NA
H1,319,117,2022,hem,2,34.52,48.4,60.43,60.43,,,NA
H1,320,117,2022,wp,2,42.27,31.9,62.87,60.89,,,NA
H1,321,117,2022,rm,2,45.25,28.7,53.88,53.61,,,NA
H1,323,117,2022,rm,1,47.76,16.2,56.45,56.71,,,NA
H1,326,117,2022,rm,2,28.29,14.9,30.25,30.50,,,NA
H1,807,117,2022,hem,1,9.36,10.5,20.98,21.06,,,NA
H1,841,117,2022,hem,2,42.98,13.3,75.23,75.20,14.4,,NA
H1,841,117,2022,hem,3,NA,NA,14.82,13.85,14.4,,DBH next
H1,842,117,2022,hem,1,36.45,11.6,59.17,58.99,,,NA
H1,843,117,2022,hem,1,36.35,11.9,52.16,52.28,,,NA
H1,844,117,2022,hem,1,24.13,11.3,34.42,34.33,,,NA
H1,899,117,2022,hem,2,17.73,13.1,29.89,30.07,,,NA
H2,327,117,2022,hem,2,29.58,34.8,36.70,36.36,,,NA
H2,329,117,2022,rm,2,38.18,19.7,41.70,41.55,,,NA
H2,330,117,2022,hem,1,28.21,24.6,29.10,28.56,,maybe dead,suppressed
H2,331,117,2022,hem,1,46.88,19.9,50.08,49.69,,,NA
H2,333,117,2022,ro,2,49.17,35.5,68.55,68.30,,,NA
H2,334,117,2022,hem,2,42.89,37.9,71.46,70.78,,,NA
H2,336,117,2022,ro,2,35.22,37.7,70.38,70.20,,,NA
H2,338,117,2022,hem,2,78.65,34.5,85.86,85.51,,,NA
H2,339,117,2022,hem,1,21.90,14.9,23.68,23.41,,,NA
H2,341,117,2022,hem,2,43.39,19.0,44.55,44.38,,,NA
H2,342,117,2022,hem,2,12.53,33.8,15.59,14.92,,,NA
H2,343,117,2022,yb,2,33.54,47.4,48.95,49.23,,,NA
H2,344,117,2022,ro,1,84.48,29.1,100.91,100.61,,,NA
H2,345,117,2022,hem,2,34.21,45.8,37.68,36.53,,,NA
H2,346,117,2022,rm,1,45.34,15.9,57.80,57.94,,,NA
H2,348,117,2022,rm,2,68.57,28.2,105.23,105.33,,,NA
H2,349,117,2022,hem,1,50.79,30.8,54.37,53.66,,,NA
H2,350,117,2022,rm,1,15.70,12.6,16.71,16.56,,,canopy decline
H2,351,117,2022,hem,1,68.38,29.6,74.90,74.13,,,NA
H2,352,117,2022,ro,1,71.78,25.0,80.80,80.88,,,NA
H2,353,117,2022,hem,2,115.92,42.2,118.09,117.35,,,rm next 
H2,353,117,2022,hem,3,22.80,42.2,25.12,24.61,,,NA
H2,354,117,2022,ro,3,35.93,66.0,74.52,74.38,,,NA
H5,383,117,2022,hem,2,31.01,33.5,51.31,51.30,,,NA
H5,384,117,2022,rm,1,76.78,38.2,91.44,90.98,,,NA
H5,385,117,2022,hem,2,49.85,38.2,75.83,75.92,,,NA
H5,388,117,2022,hem,2,73.22,31.6,112.16,112.60,,,~40mm left
H5,389,117,2022,rm,1,34.15,43.4,37.69,37.62,,,NA
H5,392,117,2022,hem,1,35.78,25.1,39.84,39.62,,,NA
H5,393,117,2022,yb,3,21.15,16.0,23.40,23.75,,,NA
H5,394,117,2022,hem,1,76.35,15.0,95.78,96.50,,,NA
H5,396,117,2022,ro,2,46.69,22.1,70.25,71.05,,"needs new, old one poorly made ~1cm left",NA
H5,397,117,2022,beech,1,47.56,65.3,56.77,56.97,,outer hole,NA
H5,398,117,2022,bb,1,54.17,13.6,69.25,69.72,,,NA
H5,399,117,2022,hem,2,28.33,19.2,49.06,49.37,,,NA
H5,400,117,2022,hem,3,46.27,15.2,70.41,70.91,16.0,,NA
H5,400,117,2022,hem,4,NA,NA,14.73,14.62,16.0,,DBH next
H5,402,117,2022,ro,2,32.14,29.3,60.18,60.24,,,NA
H5,403,117,2022,beech,2,69.58,23.7,76.89,76.82,,"dying, check for leaves",NA
H5,404,117,2022,hem,2,32.06,20.0,36.53,36.49,,,NA
H5,405,117,2022,hem,2,37.69,40.7,66.74,66.30,,,NA
H5,536,117,2022,hem,1,6.46,10.8,7.12,7.38,,,NA
H5,743,117,2022,hem,1,14.61,10.7,16.61,16.53,,,NA
H5,810,117,2022,hem,1,29.52,10.7,39.58,39.47,,,NA